hour_0,hour_1,hour_2,hour_3,hour_4,hour_5,hour_6,hour_7,hour_8,hour_9,hour_10,hour_11,hour_12,hour_13,hour_14,hour_15,hour_16,hour_17,hour_18,hour_19,hour_20,hour_21,hour_22,hour_23,cluster,cluster_label
0.7341513725490196,0.5414699019607843,0.4567764705882353,0.41041627450980395,0.40638166666666664,0.4123936274509804,0.6225504901960784,1.2595752791625126,1.5035204901960784,1.4734782381017866,1.5632029284989857,1.7975982352941178,1.928542254901961,1.9231867763376538,1.964070365569957,1.8550161083416414,1.7426184116042676,1.9407169449304078,2.2682692073778665,2.5322498140635568,2.51539568627451,2.3888794470611154,1.8672756862745097,1.27048,0,Tarde
0.584818797564688,0.466529299847793,0.40035502283105023,0.36731963470319634,0.3693597412480974,0.37924094368340944,0.5212235920852359,0.8598323439878235,0.8859243765367053,0.8002111136908908,0.6980462962962963,0.6493842285168848,0.6313732235325726,0.6114888888888891,0.6035308128885793,0.5867605783866057,0.5763904109589041,0.6078262457571839,0.7198185178428618,0.8761841704718419,0.9627239437358946,1.0945485540334858,0.9823474831485106,0.7139018264840182,1,Bajo consumo
0.5069750288350634,0.4300816032295271,0.4097084941254667,0.39052993079584775,0.39799324955988585,0.41828246828143023,1.0076156080777277,2.0852801038062285,1.8321532573678558,1.5996829873125722,1.4510352611632888,1.3428258198614131,1.155216551326413,1.0102873125720877,0.8559730103806229,0.7311457900807381,0.7064604119015502,0.8148772779700115,1.1553035119118642,1.8486131077356167,2.189172287094093,2.1311006754247064,1.4625804605790471,0.8046373125720877,2,Madrugador
2.2376765027322407,2.0872131147540984,1.873869398907104,1.7171459016393442,1.6236617486338796,1.556397267759563,1.6287612021857925,1.9248349726775955,1.831608743169399,1.8142939890710383,1.8216540983606557,1.5752054644808742,1.82594043715847,1.8919442622950822,1.752931844733371,1.5466235343150876,1.5204584699453552,1.608607854033528,2.0671035287579884,2.3462966194313237,2.4406322404371585,2.2240737704918034,1.5144658752590918,1.1118174863387977,3,Alto consumo
